{
        "pi_amp": 0.13385855167547026,
        "convert_factor": 1.64694154415136e-08,
        "amplitude_multiplier_SOC_pi": 0.9959183673469387,
        "amplitude_multiplier_SOC_pi_over_2": 1.0008974688981602
}